{
    "T_100": {
        "pull": [
            0,
            250000,
            500000,
            750000,
            1000000,
            1250000,
            1500000,
            1750000,
            2000000,
            2250000,
            2500000,
            2750000,
            3000000,
            3250000,
            3500000,
            3750000,
            4000000,
            4250000,
            4500000,
            4750000
        ],
        "stress": [
            0.0,
            25.0,
            50.0,
            75.0,
            100.0,
            125.0,
            150.0,
            175.0,
            200.0,
            225.0,
            251.834,
            376.403,
            401.403,
            426.403,
            451.403,
            469.059,
            501.403,
            526.403,
            551.403,
            576.145
        ],
        "strain": [
            0.0,
            0.000119048,
            0.000238095,
            0.000357143,
            0.00047619,
            0.000595238,
            0.000714286,
            0.000833333,
            0.000952381,
            0.00107143,
            0.009922,
            0.603109,
            0.722156,
            0.841204,
            0.960252,
            1.04433,
            1.19835,
            1.31739,
            1.43644,
            1.55426
        ]
    },
    "T_200": {
        "pull": [
            0,
            250000,
            500000,
            750000,
            1000000,
            1250000,
            1500000,
            1750000,
            2000000,
            2250000,
            2500000,
            2750000,
            3000000,
            3250000,
            3500000,
            3750000,
            4000000,
            4250000,
            4500000,
            4750000
        ],
        "stress": [
            0.0,
            25.0,
            50.0,
            75.0,
            100.0,
            125.0,
            150.0,
            175.0,
            208.672,
            223.201,
            250.0,
            250.0,
            250.0,
            250.0,
            250.0,
            250.0,
            250.0,
            250.0,
            250.0,
            250.0
        ],
        "strain": [
            0.0,
            0.000132275,
            0.00026455,
            0.000396825,
            0.000529101,
            0.000661376,
            0.000793651,
            0.000925926,
            0.00129504,
            0.00311193,
            3.0463,
            6.50724,
            9.00694,
            11.4696,
            13.8625,
            16.2553,
            18.6482,
            21.041,
            23.4339,
            25.8268
        ]
    },
    "T_300": {
        "pull": [
            0,
            250000,
            500000,
            750000,
            1000000,
            1250000,
            1500000,
            1750000,
            2000000,
            2250000,
            2500000,
            2750000,
            3000000,
            3250000,
            3500000,
            3750000,
            4000000,
            4250000,
            4500000,
            4750000
        ],
        "stress": [
            0.0,
            25.0,
            50.0,
            75.0,
            100.0,
            125.0,
            150.0,
            176.131,
            194.868,
            208.876,
            250.0,
            250.0,
            250.0,
            250.0,
            250.0,
            250.0,
            250.0,
            250.0,
            250.0,
            250.0
        ],
        "strain": [
            0.0,
            0.00014881,
            0.000297619,
            0.000446429,
            0.000595238,
            0.000744048,
            0.000892857,
            0.00156103,
            0.00292561,
            0.00455549,
            3.58599,
            6.93971,
            9.43549,
            11.9341,
            14.4334,
            16.933,
            19.4327,
            21.9325,
            24.4323,
            26.9322
        ]
    },
    "T_400": {
        "pull": [
            0,
            250000,
            500000,
            750000,
            1000000,
            1250000,
            1500000,
            1750000,
            2000000,
            2250000,
            2500000,
            2750000,
            3000000,
            3250000,
            3500000,
            3750000,
            4000000,
            4250000,
            4500000,
            4750000
        ],
        "stress": [
            1.07642e-08,
            25.0,
            50.0,
            75.0,
            100.0,
            124.866,
            147.681,
            167.517,
            184.617,
            199.32,
            250.0,
            250.0,
            250.0,
            250.0,
            250.0,
            250.0,
            250.0,
            250.0,
            250.0,
            250.0
        ],
        "strain": [
            7.32261e-14,
            0.000170068,
            0.000340136,
            0.000510204,
            0.000680272,
            0.00101446,
            0.00178442,
            0.00286914,
            0.00417653,
            0.00565042,
            4.05301,
            7.15885,
            9.64656,
            12.1424,
            14.6404,
            17.1391,
            19.6383,
            22.1377,
            24.6373,
            27.1369
        ]
    },
    "T_500": {
        "pull": [
            0,
            250000,
            500000,
            750000,
            1000000,
            1250000,
            1500000,
            1750000,
            2000000,
            2250000,
            2500000,
            2750000,
            3000000,
            3250000,
            3500000,
            3750000,
            4000000,
            4250000,
            4500000,
            4750000
        ],
        "stress": [
            1.80791e-05,
            25.0,
            50.0,
            75.0,
            99.8699,
            120.578,
            136.691,
            149.725,
            160.656,
            169.785,
            195.0,
            195.0,
            195.0,
            195.0,
            195.0,
            195.0,
            195.0,
            195.0,
            195.0,
            195.0
        ],
        "strain": [
            1.43485e-10,
            0.000198413,
            0.000396825,
            0.000595238,
            0.00087122,
            0.00173098,
            0.00295729,
            0.00438855,
            0.00598418,
            0.00769869,
            7.95896,
            12.668,
            15.1561,
            17.6522,
            20.1502,
            22.649,
            25.1482,
            27.6476,
            30.1472,
            32.6469
        ]
    },
    "T_600": {
        "pull": [
            0,
            250000,
            500000,
            750000,
            1000000,
            1250000,
            1500000,
            1750000,
            2000000,
            2250000,
            2500000,
            2750000,
            3000000,
            3250000,
            3500000,
            3750000,
            4000000,
            4250000,
            4500000,
            4750000
        ],
        "stress": [
            4.80431,
            23.1631,
            48.2242,
            63.457,
            74.9977,
            84.4502,
            92.3716,
            98.9409,
            104.487,
            108.915,
            117.5,
            117.5,
            117.5,
            117.5,
            117.5,
            117.5,
            117.5,
            117.5,
            117.5,
            117.5
        ],